{
  "jsonResponse/jsonResponse_extra_test.go": 1766965547.6864755,
  "jsonResponse/jsonResponse.go": 1775307084.2341492,
  "jsonResponse/jsonResponse_test.go": 1759887433.977453,
  "dto/pagination.go": 1775237912.9396365,
  "jwt/jwt_test.go": 1773811771.1620038,
  "jwt/jwt.go": 1773811769.1270542,
  "middleware/csrf.go": 1775336126.8709424,
  "middleware/cors.go": 1759886642.6387787,
  "middleware/middleware_extra_test.go": 1767030199.5760145,
  "middleware/recovery.go": 1766531486.3675065,
  "middleware/metrics.go": 1759886642.6393793,
  "middleware/cookies.go": 1767028596.8407586,
  "middleware/logging.go": 1775957214.117064,
  "middleware/request_id_test.go": 1759886642.6400368,
  "middleware/middleware_test.go": 1766952905.7708304,
  "middleware/etag.go": 1766962986.2819674,
  "middleware/authz_test.go": 1766952388.8009748,
  "middleware/logging_test.go": 1773810859.022893,
  "middleware/rate_limit.go": 1775245980.5780334,
  "middleware/jwt_test.go": 1774254725.0399492,
  "middleware/context_keys.go": 1775957209.045856,
  "middleware/trailing_slash_test.go": 1759886642.6419964,
  "middleware/authz_helpers.go": 1774282355.4129376,
  "middleware/csrf_test.go": 1775300260.6199524,
  "middleware/request_id.go": 1766534835.4108677,
  "middleware/jwt.go": 1766534870.896083,
  "middleware/trailing_slash.go": 1759886642.6434941,
  "middleware/authz.go": 1766936213.483002,
  "middleware/otel/otel.go": 1775957225.3378253,
  "database/postgres/postgres.go": 1766532389.1707468,
  "database/postgres/postgres_test.go": 1766952760.2400537,
  "notify/discord.go": 1774280443.6324942,
  "httputil/transport.go": 1775289927.3530025,
  "httputil/transport_test.go": 1775290210.3455384,
  "tracing/tracing_test.go": 1766952760.2178328,
  "tracing/tracing.go": 1775338187.833211,
  "crypto/crypto.go": 1766446689.9264853,
  "crypto/crypto_test.go": 1766952372.701262,
  "gormutil/logger.go": 1766532369.045771,
  "gormutil/repository_test.go": 1774301110.678334,
  "gormutil/model.go": 1766935766.067002,
  "gormutil/tx.go": 1767868080.6748393,
  "gormutil/repository.go": 1774301103.3758762,
  "gormutil/logger_test.go": 1766952723.1740859,
  "archive/zip.go": 1775243559.400251,
  "config/env.go": 1775248276.703612,
  "config/env_test.go": 1775248285.2767308,
  "config/structs.go": 1775949206.7378454,
  "auth/goth_initializer_test.go": 1773815387.6741476,
  "auth/goth_initializer.go": 1776635042.4515722,
  "gitutil/cloner.go": 1776709454.9802256,
  "strutil/random.go": 1774280927.155018,
  "strutil/slug_test.go": 1766961602.2732232,
  "strutil/slug.go": 1774280623.1659694,
  "server/server.go": 1773815370.8922505,
  "server/server_test.go": 1759886642.6476595,
  "gcp/service.go": 1775311334.418956,
  "gcp/run.go": 1775311365.1317399,
  "gcp/mock_Service.go": 1775311404.8187437,
  "gcp/build.go": 1775311346.010274,
  "gcp/service_test.go": 1776447615.2246683,
  "gcp/storage.go": 1775311344.0008678,
  "connections/service.go": 1776635032.9957166,
  "connections/service_test.go": 1776513706.2424679,
  "connections/storage.go": 1776513383.2647464,
  "connections/repository_test.go": 1776513704.8133347,
  "connections/model.go": 1776513394.0636568,
  "connections/repository.go": 1776513398.6718607,
  "connections/clients/github_test.go": 1774464346.984343,
  "connections/clients/github.go": 1776513701.643558,
  "connections/types/types.go": 1776513400.136644,
  "request/binder_test.go": 1775306964.346186,
  "request/binder.go": 1775307013.426442,
  "executil/executil_test.go": 1776709414.9631486,
  "executil/executil.go": 1776709412.9455218,
  "authz/membership.go": 1774280091.176668,
  "netutil/domain.go": 1774281141.0815651,
  "netutil/url.go": 1774280735.4539208,
  "netutil/url_test.go": 1775311361.1067529,
  "telemetry/telemetry_test.go": 1775327200.495958,
  "telemetry/posthog.go": 1775327153.3200874,
  "telemetry/telemetry.go": 1775327144.915609,
  "telemetry/ga4.go": 1775327172.5657365,
  "errors/errors_test.go": 1759886642.6495695,
  "errors/errors.go": 1759886642.6500373,
  "worker/server.go": 1773167744.7869558,
  "worker/worker.go": 1766961481.2044306,
  "worker/worker_test.go": 1766962274.1259778,
  "testutil/db.go": 1759887328.929987,
  "testutil/db_test.go": 1766965761.6251683,
  "testutil/helpers_test.go": 1766965907.868593,
  "testutil/helpers.go": 1759907653.9316256,
  "logging/logger.go": 1766534556.446049,
  "logging/logger_test.go": 1766952636.2095258,
  "router/router_test.go": 1775957247.9615607,
  "router/router.go": 1775957241.1493418,
  "README.md": 1759886642.5258188,
  "graphify-out/GRAPH_REPORT.md": 1777676357.2820466
}